CREATE TABLE TAB_PADRAO

(ID INT AUTO_INCREMENT,

DESCRITOR VARCHAR(20),

ENDERECO VARCHAR(100) NULL,

CIDADE VARCHAR(50) DEFAULT 'Rio de Janeiro',

DATA_CRIACAO TIMESTAMP DEFAULT CURRENT_TIMESTAMP(),

PRIMARY KEY(ID));

INSERT INTO TAB_PADRAO (DESCRITOR, ENDERECO, CIDADE, DATA_CRIACAO)

VALUES ('CLIENTE X', 'RUA PROJETADA A', 'SÃO PAULO', '2019-01-01');

SELECT * FROM TAB_PADRAO;

INSERT INTO TAB_PADRAO (DESCRITOR) VALUES ('CLIENTE Y');

SELECT * FROM TAB_PADRAO;

CREATE TABLE TAB_FATURAMENTO

(DATA_VENDA DATE NULL, TOTAL_VENDA FLOAT);

INSERT INTO NOTAS (NUMERO, DATA_VENDA, CPF, MATRICULA, IMPOSTO)

VALUES ('0100', '2019-05-08', '1471156710' , '235', 0.10); 

INSERT INTO ITENS_NOTAS (NUMERO, CODIGO, QUANTIDADE, PRECO)

VALUES ('0100', '1000889', 100, 10);

INSERT INTO ITENS_NOTAS (NUMERO, CODIGO, QUANTIDADE, PRECO)

VALUES ('0100', '1002334', 100, 10);


INSERT INTO NOTAS (NUMERO, DATA_VENDA, CPF, MATRICULA, IMPOSTO)

VALUES ('0101', '2019-05-08', '1471156710' , '235', 0.10);

INSERT INTO ITENS_NOTAS (NUMERO, CODIGO, QUANTIDADE, PRECO)

VALUES ('0101', '1000889', 100, 10);

INSERT INTO ITENS_NOTAS (NUMERO, CODIGO, QUANTIDADE, PRECO)

VALUES ('0101', '1002334', 100, 10);


INSERT INTO NOTAS (NUMERO, DATA_VENDA, CPF, MATRICULA, IMPOSTO)

VALUES ('0103', '2019-05-08', '1471156710' , '235', 0.10);

INSERT INTO ITENS_NOTAS (NUMERO, CODIGO, QUANTIDADE, PRECO)

VALUES ('0103', '1000889', 100, 10);

INSERT INTO ITENS_NOTAS (NUMERO, CODIGO, QUANTIDADE, PRECO)

VALUES ('0103', '1002334', 100, 10);

DESC NOTAS;
DESC ITENS_NOTAS;

SELECT * FROM NOTAS;

DROP TABLE NOTAS;

INSERT INTO TAB_FATURAMENTO

SELECT A.DATA_VENDA, SUM(B.QUANTIDADE * B.PRECO) AS TOTAL_VENDA FROM

NOTAS A INNER JOIN ITENS_NOTAS B

ON A.NUMERO = B.NUMERO

GROUP BY A.DATA_VENDA;


SELECT * FROM TAB_FATURAMENTO;




INSERT INTO NOTAS (NUMERO, DATA_VENDA, CPF, MATRICULA, IMPOSTO)

VALUES ('0104', '2019-05-08', '1471156710' , '235', 0.10);

INSERT INTO ITENS_NOTAS (NUMERO, CODIGO, QUANTIDADE, PRECO)

VALUES ('0104', '1000889', 100, 10);

INSERT INTO ITENS_NOTAS (NUMERO, CODIGO, QUANTIDADE, PRECO)

VALUES ('0104', '1002334', 100, 10);


INSERT INTO NOTAS (NUMERO, DATA_VENDA, CPF, MATRICULA, IMPOSTO)

VALUES ('0105', '2019-05-08', '1471156710' , '235', 0.10);

INSERT INTO ITENS_NOTAS (NUMERO, CODIGO, QUANTIDADE, PRECO)

VALUES ('0105', '1000889', 100, 10);

INSERT INTO ITENS_NOTAS (NUMERO, CODIGO, QUANTIDADE, PRECO)

VALUES ('0105', '1002334', 100, 10);


DELETE FROM TAB_FATURAMENTO;


INSERT INTO TAB_FATURAMENTO

SELECT A.DATA_VENDA, SUM(B.QUANTIDADE * B.PRECO) AS TOTAL_VENDA FROM

NOTAS A INNER JOIN ITENS_NOTAS B

ON A.NUMERO = B.NUMERO

GROUP BY A.DATA_VENDA;


SELECT * FROM TAB_FATURAMENTO;


-- CRIANDO TRIGGER



DELIMITER //

CREATE TRIGGER TG_CALCULA_FATURAMENTO_INSERT AFTER INSERT ON ITENS_NOTAS
FOR EACH ROW BEGIN

  DELETE FROM TAB_FATURAMENTO;

  INSERT INTO TAB_FATURAMENTO

  SELECT A.DATA_VENDA, SUM(B.QUANTIDADE * B.PRECO) AS TOTAL_VENDA FROM
  NOTAS A INNER JOIN ITENS_NOTAS B
  ON A.NUMERO = B.NUMERO
  GROUP BY A.DATA_VENDA;
END//

INSERT INTO NOTAS (NUMERO, DATA_VENDA, CPF, MATRICULA, IMPOSTO)
VALUES ('0106', '2019-05-08', '1471156710' , '235', 0.10);

INSERT INTO ITENS_NOTAS (NUMERO, CODIGO, QUANTIDADE, PRECO)
VALUES ('0106', '1000889', 100, 10);

INSERT INTO ITENS_NOTAS (NUMERO, CODIGO, QUANTIDADE, PRECO)
VALUES ('0106', '1002334', 100, 10);

SELECT * FROM TAB_FATURAMENTO;

DELIMITER //

CREATE TRIGGER TG_CALCULA_FATURAMENTO_UPDATE AFTER UPDATE ON ITENS_NOTAS
FOR EACH ROW BEGIN
  DELETE FROM TAB_FATURAMENTO;

INSERT INTO TAB_FATURAMENTO
  SELECT A.DATA_VENDA, SUM(B.QUANTIDADE * B.PRECO) AS TOTAL_VENDA FROM
  NOTAS A INNER JOIN ITENS_NOTAS B
  ON A.NUMERO = B.NUMERO
  GROUP BY A.DATA_VENDA;
END//
DELIMITER //

CREATE TRIGGER TG_CALCULA_FATURAMENTO_DELETE AFTER DELETE ON ITENS_NOTAS
FOR EACH ROW BEGIN
  DELETE FROM TAB_FATURAMENTO;

INSERT INTO TAB_FATURAMENTO
  SELECT A.DATA_VENDA, SUM(B.QUANTIDADE * B.PRECO) AS TOTAL_VENDA FROM
  NOTAS A INNER JOIN ITENS_NOTAS B
  ON A.NUMERO = B.NUMERO
  GROUP BY A.DATA_VENDA;
END//


-- TABELA CONSOLIDADA

INSERT INTO NOTAS (NUMERO, DATA_VENDA, CPF, MATRICULA, IMPOSTO)
VALUES ('0107', '2019-05-08', '1471156710' , '235', 0.10);

INSERT INTO ITENS_NOTAS (NUMERO, CODIGO, QUANTIDADE, PRECO)
VALUES ('0107', '1000889', 100, 10);

INSERT INTO ITENS_NOTAS (NUMERO, CODIGO, QUANTIDADE, PRECO)
VALUES ('0107', '1002334', 100, 10);
SELECT * FROM TAB_FATURAMENTO;


-- ALTERANDO REGISTRO 

DELETE FROM ITENS_NOTAS WHERE NUMERO = '0107' AND CODIGO = '1002334';
UPDATE ITENS_NOTAS SET QUANTIDADE = 400
WHERE NUMERO = '0100' AND CODIGO = '1002334';
SELECT * FROM TAB_FATURAMENTO;
